id,expression 1,expression 2,structural_best_match,structural_max_score,typo,structural_symbolic_difference,structural_suggested_errors,structural_actions,structural_variable_factor,structural_terms,cosine_best_match,cosine_max_score,cosine_symbolic_difference,cosine_suggested_errors,cosine_actions,cosine_variable_factor,cosine_terms,exact_matches,total_transformations,transformations
9,q(h - y)=h + y,-q*y + h*q=h + y,,,Typo: replacing g by q,,,,,,,,,,,,,,47,"{Eq(h, (y - q(h - y))/(-1)), Eq(-h/(-1), -h + h - y + q(h - y)), Eq(h, -h + h - y + q(h - y)), Eq(-y, h - y + y - q(h - y)), Eq(-h + q(h - y), -h + h + y), Eq(-y - q(h - y) + q(h - y), h - q(h - y)), Eq(y, -h - y + y + q(h - y)), Eq(-h - y - q(h - y) + q(h - y), -q(h - y)), Eq(-y/(-1), -h - y + y + q(h - y)), Eq(-h, y - q(h - y)), Eq(h, (-h + h + y - q(h - y))/(-1)), Eq(h, -h + h - y + q(h - y)), Eq(-h, -h + h + y - q(h - y)), Eq(-y, h - q(h - y)), Eq(-h/(-1), -y + q(h - y)), Eq(-y + q(h - y), h), Eq(-y + q(h - y), h), Eq(-h - q(h - y) + q(h - y), y - q(h - y)), Eq(y, -h + q(h - y)), Eq(-h + q(h - y), -h + h + y), Eq(-y/(-1), -h + q(h - y)), Eq(-h + q(h - y), y), Eq(-h - y - q(h - y) + q(h - y), -h + h - y + y - q(h - y)), Eq(q(h - y), h + y), Eq(-q(h - y) + q(h - y), h + y - q(h - y)), Eq(-h, -h + h + y - q(h - y)), Eq(-h/(-1), (y - q(h - y))/(-1)), Eq(-h/(-1), -h + h - y + q(h - y)), Eq(-h - y, -h + h - y + y - q(h - y)), Eq(-y - q(h - y) + q(h - y), h - y + y - q(h - y)), Eq(h, -y + q(h - y)), Eq(-h - y, -h + h - y + y - q(h - y)), Eq(-h - q(h - y) + q(h - y), -h + h + y - q(h - y)), Eq(-h - q(h - y) + q(h - y), y - q(h - y)), Eq(-h - q(h - y) + q(h - y), -h + h + y - q(h - y)), Eq(y, (h - y + y - q(h - y))/(-1)), Eq(-y/(-1), (h - y + y - q(h - y))/(-1)), Eq(-h - y - q(h - y) + q(h - y), -h + h - y + y - q(h - y)), Eq(0, h + y - q(h - y)), Eq(-h + q(h - y), y), Eq(-h - y, -q(h - y)), Eq(y, (h - q(h - y))/(-1)), Eq(-y/(-1), (h - q(h - y))/(-1)), Eq(-y + q(h - y), h - y + y), Eq(-y + q(h - y), h - y + y), Eq(-h - y - q(h - y) + q(h - y), -q(h - y)), Eq(-h/(-1), (-h + h + y - q(h - y))/(-1))}"
9,q(h - y)=h + y,-q*y + h*q=h + y,,,Typo: replacing g by q,,,,,,,,,,,,,,47,"{Eq(-y - q(h - y) + q(h - y), h - q(h - y)), Eq(h, (y - q(h - y))/(-1)), Eq(y, (h - y + y - q(h - y))/(-1)), Eq(q(h - y), h + y), Eq(-h - q(h - y) + q(h - y), -h + h + y - q(h - y)), Eq(-y + q(h - y), h), Eq(-h, -h + h + y - q(h - y)), Eq(-h - y, -q(h - y)), Eq(-h - q(h - y) + q(h - y), -h + h + y - q(h - y)), Eq(h, -h + h - y + q(h - y)), Eq(-h - q(h - y) + q(h - y), y - q(h - y)), Eq(-h - y - q(h - y) + q(h - y), -q(h - y)), Eq(-h - y, -h + h - y + y - q(h - y)), Eq(-h/(-1), (-h + h + y - q(h - y))/(-1)), Eq(-h - y - q(h - y) + q(h - y), -h + h - y + y - q(h - y)), Eq(-h - y - q(h - y) + q(h - y), -q(h - y)), Eq(h, -y + q(h - y)), Eq(-h, -h + h + y - q(h - y)), Eq(h, -h + h - y + q(h - y)), Eq(-h - y, -h + h - y + y - q(h - y)), Eq(-y, h - q(h - y)), Eq(-h + q(h - y), y), Eq(-h + q(h - y), -h + h + y), Eq(-h + q(h - y), y), Eq(-h + q(h - y), -h + h + y), Eq(-h/(-1), -h + h - y + q(h - y)), Eq(-h/(-1), (y - q(h - y))/(-1)), Eq(-q(h - y) + q(h - y), h + y - q(h - y)), Eq(-h, y - q(h - y)), Eq(-y/(-1), -h + q(h - y)), Eq(-h - q(h - y) + q(h - y), y - q(h - y)), Eq(-y - q(h - y) + q(h - y), h - y + y - q(h - y)), Eq(-h - y - q(h - y) + q(h - y), -h + h - y + y - q(h - y)), Eq(0, h + y - q(h - y)), Eq(y, -h + q(h - y)), Eq(h, (-h + h + y - q(h - y))/(-1)), Eq(-h/(-1), -h + h - y + q(h - y)), Eq(-y + q(h - y), h - y + y), Eq(-y/(-1), -h - y + y + q(h - y)), Eq(y, -h - y + y + q(h - y)), Eq(-y + q(h - y), h), Eq(-h/(-1), -y + q(h - y)), Eq(-y/(-1), (h - y + y - q(h - y))/(-1)), Eq(y, (h - q(h - y))/(-1)), Eq(-y/(-1), (h - q(h - y))/(-1)), Eq(-y, h - y + y - q(h - y)), Eq(-y + q(h - y), h - y + y)}"
9,q(h - y)=h + y,-q*y + h*q=h + y,,,Typo: replacing q by g,,,,,,,,,,,,,,47,"{Eq(h, -h + h - y + q(h - y)), Eq(-h/(-1), (-h + h + y - q(h - y))/(-1)), Eq(-y, h - q(h - y)), Eq(-y - q(h - y) + q(h - y), h - q(h - y)), Eq(-h - y, -q(h - y)), Eq(-h - y - q(h - y) + q(h - y), -h + h - y + y - q(h - y)), Eq(-y/(-1), (h - y + y - q(h - y))/(-1)), Eq(y, -h - y + y + q(h - y)), Eq(y, (h - q(h - y))/(-1)), Eq(y, -h + q(h - y)), Eq(0, h + y - q(h - y)), Eq(-h - y - q(h - y) + q(h - y), -q(h - y)), Eq(-h + q(h - y), -h + h + y), Eq(q(h - y), h + y), Eq(h, (-h + h + y - q(h - y))/(-1)), Eq(-h/(-1), -y + q(h - y)), Eq(-h + q(h - y), y), Eq(-h/(-1), -h + h - y + q(h - y)), Eq(-h, -h + h + y - q(h - y)), Eq(-y + q(h - y), h - y + y), Eq(-h, y - q(h - y)), Eq(-h - y, -h + h - y + y - q(h - y)), Eq(-h - q(h - y) + q(h - y), y - q(h - y)), Eq(-y + q(h - y), h - y + y), Eq(-h - y - q(h - y) + q(h - y), -h + h - y + y - q(h - y)), Eq(h, -y + q(h - y)), Eq(-h - y, -h + h - y + y - q(h - y)), Eq(-h - y - q(h - y) + q(h - y), -q(h - y)), Eq(-y, h - y + y - q(h - y)), Eq(h, -h + h - y + q(h - y)), Eq(-q(h - y) + q(h - y), h + y - q(h - y)), Eq(y, (h - y + y - q(h - y))/(-1)), Eq(-h + q(h - y), -h + h + y), Eq(-y - q(h - y) + q(h - y), h - y + y - q(h - y)), Eq(-h/(-1), (y - q(h - y))/(-1)), Eq(-y/(-1), -h - y + y + q(h - y)), Eq(-h + q(h - y), y), Eq(-y/(-1), -h + q(h - y)), Eq(-y/(-1), (h - q(h - y))/(-1)), Eq(-h - q(h - y) + q(h - y), -h + h + y - q(h - y)), Eq(-h - q(h - y) + q(h - y), y - q(h - y)), Eq(-h/(-1), -h + h - y + q(h - y)), Eq(-h, -h + h + y - q(h - y)), Eq(-y + q(h - y), h), Eq(-h - q(h - y) + q(h - y), -h + h + y - q(h - y)), Eq(-y + q(h - y), h), Eq(h, (y - q(h - y))/(-1))}"
9,q(h - y)=h + y,-q*y + h*q=h + y,,,Typo: replacing q by g,,,,,,,,,,,,,,47,"{Eq(-h, -h + h + y - q(h - y)), Eq(-y + q(h - y), h - y + y), Eq(-h/(-1), (y - q(h - y))/(-1)), Eq(-h - y, -h + h - y + y - q(h - y)), Eq(-h - y, -h + h - y + y - q(h - y)), Eq(-y - q(h - y) + q(h - y), h - y + y - q(h - y)), Eq(h, -y + q(h - y)), Eq(0, h + y - q(h - y)), Eq(-y/(-1), (h - y + y - q(h - y))/(-1)), Eq(-y/(-1), (h - q(h - y))/(-1)), Eq(-h - q(h - y) + q(h - y), y - q(h - y)), Eq(y, (h - y + y - q(h - y))/(-1)), Eq(-h - y - q(h - y) + q(h - y), -h + h - y + y - q(h - y)), Eq(q(h - y), h + y), Eq(-y, h - q(h - y)), Eq(y, (h - q(h - y))/(-1)), Eq(-y + q(h - y), h), Eq(-h + q(h - y), y), Eq(h, (y - q(h - y))/(-1)), Eq(-q(h - y) + q(h - y), h + y - q(h - y)), Eq(-h - q(h - y) + q(h - y), y - q(h - y)), Eq(-h/(-1), -h + h - y + q(h - y)), Eq(-h, -h + h + y - q(h - y)), Eq(-y + q(h - y), h - y + y), Eq(-y, h - y + y - q(h - y)), Eq(-h - y - q(h - y) + q(h - y), -q(h - y)), Eq(-y/(-1), -h - y + y + q(h - y)), Eq(-h + q(h - y), -h + h + y), Eq(-h, y - q(h - y)), Eq(-h/(-1), (-h + h + y - q(h - y))/(-1)), Eq(-h/(-1), -h + h - y + q(h - y)), Eq(-h + q(h - y), y), Eq(y, -h - y + y + q(h - y)), Eq(-y + q(h - y), h), Eq(-y/(-1), -h + q(h - y)), Eq(-h - y, -q(h - y)), Eq(h, -h + h - y + q(h - y)), Eq(-h - y - q(h - y) + q(h - y), -h + h - y + y - q(h - y)), Eq(y, -h + q(h - y)), Eq(-h/(-1), -y + q(h - y)), Eq(-h - q(h - y) + q(h - y), -h + h + y - q(h - y)), Eq(-h - y - q(h - y) + q(h - y), -q(h - y)), Eq(-y - q(h - y) + q(h - y), h - q(h - y)), Eq(-h + q(h - y), -h + h + y), Eq(h, (-h + h + y - q(h - y))/(-1)), Eq(h, -h + h - y + q(h - y)), Eq(-h - q(h - y) + q(h - y), -h + h + y - q(h - y))}"
9,q(h - y)=h + y,-q*y + h*q=h + y,,,Typo: replacing g by q,,,,,,,,,,,,,,47,"{Eq(-y - q(h - y) + q(h - y), h - q(h - y)), Eq(-h, y - q(h - y)), Eq(-y - q(h - y) + q(h - y), h - y + y - q(h - y)), Eq(-h - q(h - y) + q(h - y), -h + h + y - q(h - y)), Eq(-h - y - q(h - y) + q(h - y), -q(h - y)), Eq(-h - y - q(h - y) + q(h - y), -q(h - y)), Eq(-h, -h + h + y - q(h - y)), Eq(-h/(-1), -h + h - y + q(h - y)), Eq(h, -h + h - y + q(h - y)), Eq(q(h - y), h + y), Eq(-h + q(h - y), -h + h + y), Eq(h, (y - q(h - y))/(-1)), Eq(-h + q(h - y), y), Eq(-y + q(h - y), h), Eq(-q(h - y) + q(h - y), h + y - q(h - y)), Eq(-h/(-1), (-h + h + y - q(h - y))/(-1)), Eq(-h - y, -h + h - y + y - q(h - y)), Eq(-h - y - q(h - y) + q(h - y), -h + h - y + y - q(h - y)), Eq(-y + q(h - y), h - y + y), Eq(-y/(-1), (h - y + y - q(h - y))/(-1)), Eq(-h - y, -q(h - y)), Eq(-h - q(h - y) + q(h - y), -h + h + y - q(h - y)), Eq(h, -y + q(h - y)), Eq(-y/(-1), -h - y + y + q(h - y)), Eq(y, (h - y + y - q(h - y))/(-1)), Eq(-y/(-1), -h + q(h - y)), Eq(-h - q(h - y) + q(h - y), y - q(h - y)), Eq(-h/(-1), -h + h - y + q(h - y)), Eq(h, -h + h - y + q(h - y)), Eq(y, -h - y + y + q(h - y)), Eq(y, -h + q(h - y)), Eq(-h/(-1), (y - q(h - y))/(-1)), Eq(-y/(-1), (h - q(h - y))/(-1)), Eq(-y + q(h - y), h), Eq(-y + q(h - y), h - y + y), Eq(h, (-h + h + y - q(h - y))/(-1)), Eq(-h + q(h - y), -h + h + y), Eq(-h - y, -h + h - y + y - q(h - y)), Eq(-h + q(h - y), y), Eq(-h, -h + h + y - q(h - y)), Eq(0, h + y - q(h - y)), Eq(y, (h - q(h - y))/(-1)), Eq(-y, h - q(h - y)), Eq(-h - y - q(h - y) + q(h - y), -h + h - y + y - q(h - y)), Eq(-y, h - y + y - q(h - y)), Eq(-h/(-1), -y + q(h - y)), Eq(-h - q(h - y) + q(h - y), y - q(h - y))}"
50,2 - 4*s=-r + 4*s,2=-r,2 = -r + 8*s,0.7954559261284248,,8*s,"['Sign error 7: Be aware when adding 4*s', 'Missing variable: where did s disappear?']","(""move term '-4*s'"",)",['variable: s'],"(-4*s,)",,127,"{Eq(-8*s/(-8), (-r - 1*2)/(-8)), Eq(s, (-r - 4*s + 4*s - 2)/(-8)), Eq(-4*s - 4*s + 2, -r), Eq(r - 4*s, 4*s - 2), Eq(-8*s/(-8), r/8 - s/2 + s/2 + 1/4), Eq(2, -r + 4*s - (-1)*4*s), Eq(-4*s - 1*2 + 2, -r + 4*s - 2), Eq(-8*s, -r - 4*s + 4*s - 1*2), Eq(-4*s/(-4), r/4 - s + 1/2), Eq(1*r - 4*s - 4*s - (-1)*4*s - 2 + 2, 4*s - 2), Eq(0, -r + 4*s + 4*s - 2), Eq(r, -r + r + 4*s + 4*s - 2), Eq(-4*s - 4*s + 2, -r - 4*s + 4*s), Eq(-4*s - 1*2 + 2, -r + 4*s - 1*2), Eq(-(-1)*r - 4*s - 4*s - (-1)*4*s - 1*2 + 2, 4*s - 2), Eq(s, (-r + 4*s - 2)/(-4)), Eq(-4*s + 4*s + 2, -r + 4*s + 4*s), Eq(r - 4*s + 2, -r + r + 4*s), Eq(-4*s, -r + 4*s - 2), Eq(r - 4*s, -r + r - 4*s + 4*s + 4*s - 2), Eq(r - 4*s + 4*s - 2 + 2, -r + r + 4*s + 4*s - 2), Eq(-4*s - (-1)*4*s - 2 + 2, -r + 4*s - (-1)*4*s - 2), Eq(s, (-r - 1*2)/(-8)), Eq(2 - 8*s, -r - 4*s + 4*s), Eq(s, r/8 - s/2 + s/2 + 1/4), Eq(r - 4*s - 2 + 2, 4*s - 2), Eq(s, r/4 - s + 1/2), Eq(1*r - 4*s - 4*s - (-1)*4*s - 1*2 + 2, 4*s - 2), Eq(-8*s/(-8), r/8 + 1/4), Eq(-4*s/(-4), (-r + 4*s - 2)/(-4)), Eq(-(-1)*r - 4*s - (-1)*4*s - 1*2 + 2, 8*s - 2), Eq(-r, 2 - 8*s), Eq(-4*s - 4*s - 2 + 2, -r - 2), Eq(0, -r + 8*s - 2), Eq(-4*s, -r - 4*s + 4*s + 4*s - 2), Eq(s, (-r - 4*s + 4*s - (-1)*4*s - 1*2)/(-4)), Eq(r - 4*s - 4*s + 4*s - 2 + 2, 4*s - 2), Eq(r - 4*s, -r - (-1)*r + 4*s - 1*2), Eq(0, -r + 4*s + 4*s - 2), Eq(-(-1)*r - 4*s - (-1)*4*s - 2 + 2, -r - (-1)*r + 4*s - (-1)*4*s - 2), Eq(-4*s - 4*s - (-1)*4*s - 2 + 2, -r - 4*s + 4*s - (-1)*4*s - 2), Eq(-(-1)*r - 4*s + 2, -r - (-1)*r + 4*s), Eq(-8*s, -r - 2), Eq(r - 4*s + 4*s - 2 + 2, -r + r + 4*s + 4*s - 2), Eq(-4*s - 4*s - 1*2 + 2, -r - 4*s + 4*s - 1*2), Eq(8*s, r + 2), Eq(-4*s/(-4), r/4 - s + 1/2), Eq(-4*s - 4*s - (-1)*4*s - 2 + 2, -r + 4*s - 2), Eq(r, 8*s - 2), Eq(1*r - 4*s - 1*2 + 2, 4*s - 2), Eq(-s, -0.12*r - 0.25), Eq(-4*s + 4*s - 2 + 2, -r + 8*s - 2), Eq(s, r/8 + 1/4), Eq(-4*s - (-1)*4*s + 2, -r + 8*s), Eq(4*s - 2, r - 4*s), Eq(8*s - 2, r), Eq(r - 4*s - 4*s + 4*s - 2 + 2, -r + r - 4*s + 4*s + 4*s - 2), Eq(r - 4*s - 4*s + 4*s - 2 + 2, -r + r - 4*s + 4*s + 4*s - 2), Eq(-4*s + 4*s - 2 + 2, -r + 4*s + 4*s - 2), Eq(-4*s/(-4), (-r - 4*s + 4*s - (-1)*4*s - 1*2)/(-4)), Eq(r, -r - (-1)*r + 4*s - (-1)*4*s - 2), Eq(r, -r - (-1)*r + 4*s - (-1)*4*s - 2), Eq(r - 4*s, -r + r + 4*s - 2), Eq(-4*s - 4*s + 2, -r - 4*s + 4*s), Eq(2, -r + 8*s), Eq(-4*s - 4*s - 2 + 2, -r - 4*s + 4*s - 2), Eq(1*r - 4*s - 4*s - (-1)*4*s - 2 + 2, -r - (-1)*r - 4*s + 4*s - (-1)*4*s - 2), Eq(2 - 8*s, -r), Eq(r - 4*s, -r - (-1)*r - 4*s + 4*s - (-1)*4*s - 1*2), Eq(-4*s - 4*s + 4*s - 2 + 2, -r - 4*s + 4*s + 4*s - 2), Eq(-8*s, -r - 4*s + 4*s - 2), Eq(-4*s, -r + 4*s - 2), Eq(0, -r + 4*s - (-1)*4*s - 1*2), Eq(r - 4*s + 4*s - 2 + 2, 8*s - 2), Eq(-(-1)*r - 4*s - (-1)*4*s - 2 + 2, 8*s - 2), Eq(r - 4*s + 2, 4*s), Eq(r - 4*s + 2, -r - (-1)*r + 4*s), Eq(-4*s - 2 + 2, -r + 4*s - 2), Eq(2 - 4*s, -r + 4*s), Eq(-4*s, -r + 4*s - 1*2), Eq(r - 4*s + 2, -r + r + 4*s), Eq(-r + 4*s - 2, -4*s), Eq(0, -r + 4*s - (-1)*4*s - 2), Eq(r - 4*s - 2 + 2, -r + r + 4*s - 2), Eq(r - 4*s + 4*s - 2 + 2, 8*s - 2), Eq(-(-1)*r - 4*s - (-1)*4*s - 1*2 + 2, -r - (-1)*r + 4*s - (-1)*4*s - 1*2), Eq(-4*s - 4*s - 1*2 + 2, -r - 2), Eq(s, r/4 - s - s + s + 1/2), Eq(1*r - 4*s - 1*2 + 2, -r - (-1)*r + 4*s - 1*2), Eq(-4*s + 4*s + 2, -r + 8*s), Eq(r, -r - (-1)*r + 4*s - (-1)*4*s - 1*2), Eq(r - 4*s, -r - (-1)*r - 4*s + 4*s - (-1)*4*s - 2), Eq(r - 4*s, -r - (-1)*r - 4*s + 4*s - (-1)*4*s - 1*2), Eq(-4*s - 4*s + 2, -r), Eq(-4*s - 4*s + 4*s - 2 + 2, -r + 4*s - 2), Eq(s, (-r + 4*s - 1*2)/(-4)), Eq(r - 4*s - 4*s + 4*s - 2 + 2, 4*s - 2), Eq(s, 0.12*r + 0.25), Eq(r, -r + r + 4*s + 4*s - 2), Eq(-(-1)*r - 4*s + 2, 4*s), Eq(-4*s, -r - 4*s + 4*s - (-1)*4*s - 2), Eq(-(-1)*r - 4*s - 4*s - (-1)*4*s - 1*2 + 2, -r - (-1)*r - 4*s + 4*s - (-1)*4*s - 1*2), Eq(-4*s/(-4), r/4 - s - s + s + 1/2), Eq(r - 4*s, -r + r - 4*s + 4*s + 4*s - 2), Eq(-4*s + 4*s - 2 + 2, -r + 4*s + 4*s - 2), Eq(2 - 4*s, -r + 4*s), Eq(-4*s/(-4), (-r + 4*s - 1*2)/(-4)), Eq(1*r - 4*s - (-1)*4*s - 2 + 2, 8*s - 2), Eq(2 - 8*s, -r - 4*s + 4*s), Eq(4*s, r - 4*s + 2), Eq(-4*s - (-1)*4*s - 2 + 2, -r + 8*s - 2), Eq(s, r/4 - s + 1/2), Eq(1*r - 4*s - (-1)*4*s - 2 + 2, -r - (-1)*r + 4*s - (-1)*4*s - 2), Eq(1*r - 4*s - 4*s - (-1)*4*s - 1*2 + 2, -r - (-1)*r - 4*s + 4*s - (-1)*4*s - 1*2), Eq(-4*s - 2 + 2, -r + 4*s - 2), Eq(-8*s/(-8), (-r - 4*s + 4*s - 2)/(-8)), Eq(r - 4*s + 2, 4*s), Eq(-4*s - (-1)*4*s - 1*2 + 2, -r + 4*s - (-1)*4*s - 1*2), Eq(s, r/4 - s + 1/2), Eq(2, -r + 4*s + 4*s), Eq(-4*s - (-1)*4*s - 1*2 + 2, -r + 8*s - 2), Eq(-2, r - 8*s), Eq(-4*s + 4*s - 2 + 2, -r + 8*s - 2), Eq(-4*s - (-1)*4*s + 2, -r + 4*s - (-1)*4*s), Eq(-4*s/(-4), r/4 - s + 1/2), Eq(-r + 4*s, 2 - 4*s), Eq(0, r - 8*s + 2)}"
53,-8*s=-r - 2,-8*s=2*r,r = -r + r + 8*s - 2,0.6425189208586156,,-r - 16*s + 2,['Sign error 7: Be aware when adding -8*s'],"(""move term '-8*s'"", ""move term '-r'"", 'convert_to_decimals ')",[],"(-8*s, -r)",,100,"{Eq(-8*s/(-8), (-r - 1*2)/(-8)), Eq(-8*s - (-1)*8*s, -r - (-1)*8*s - 1*2), Eq(0, -r + 8*s - 2), Eq(-(-1)*r - 8*s - (-1)*8*s - 1*(-2), 8*s), Eq(-8*s/(-8), r/8 + 1/4), Eq(-(-1)*r - 8*s - (-1)*8*s - (-1)*2, 8*s), Eq(r + 2, -r - (-1)*r - (-1)*8*s - 1*2 - (-2)), Eq(-(-1)*r - 8*s, -r - (-1)*r - 2), Eq(2 - 8*s, -r - 2 - (-1)*2), Eq(r + 2, -r - (-1)*r - (-1)*8*s - 2 - (-1)*2), Eq(r + 2, 8*s), Eq(-8*s + 8*s, -r + 8*s - 2), Eq(2 - 8*s, -r - 2 + 2), Eq(r - 8*s, -2), Eq(-8*s - (-1)*8*s - (-2), -r + 8*s), Eq(s, (-r - 1*2)/(-8)), Eq(r - 8*s + 8*s, -r + r + 8*s - 2), Eq(2 - 8*s, -r), Eq(s, r/8 + 1/4), Eq(2, -r - (-1)*8*s - 1*2 - (-1)*2), Eq(0, -r - (-1)*8*s - 2), Eq(-(-1)*r - 8*s, -2), Eq(r - 8*s, -r - (-1)*r - 1*2), Eq(-8*s/(-8), r/8 + 1/4), Eq(-r, 2 - 8*s), Eq(0, -r + 8*s - 2), Eq(-8*s - (-1)*2, -r - 2 - (-1)*2), Eq(-8*s + 8*s + 2, -r + 8*s), Eq(r - 8*s + 8*s + 2, -r + r + 8*s - 2 + 2), Eq(-(-1)*r - 8*s, -r - (-1)*r - 1*2), Eq(-8*s, -r - 2), Eq(-8*s + 8*s + 2, -r + 8*s), Eq(1*r - 8*s - (-1)*8*s - (-1)*2, 8*s), Eq(8*s, r + 2), Eq(r, 8*s - 2), Eq(r, -r - (-1)*r - (-1)*8*s - 1*2), Eq(r, -r + r + 8*s - 2), Eq(-s, -0.12*r - 0.25), Eq(-(-1)*r - 8*s - (-1)*8*s - (-1)*2, -r - (-1)*r - (-1)*8*s - 2 - (-1)*2), Eq(1*r - 8*s - (-1)*8*s - 1*(-2), -r - (-1)*r - (-1)*8*s - 1*2 - 1*(-2)), Eq(s, r/8 + 1/4), Eq(8*s - 2, r), Eq(r + 2, -r - (-1)*r - (-1)*8*s - 2 - (-1)*2), Eq(-(-1)*r - 8*s - (-1)*8*s - (-2), 8*s), Eq(2, -r - (-1)*8*s - 2 - 1*(-2)), Eq(r - 8*s, -r + r - 2), Eq(2, -r + 8*s), Eq(2 - 8*s, -r - 2 + 2), Eq(-r + 8*s, 2), Eq(2 - 8*s, -r), Eq(2, -r + 8*s - 2 + 2), Eq(2 - 8*s, -r - 1*2 - 1*(-2)), Eq(r - 8*s + 8*s + 2, 8*s), Eq(r + 2, -r + r + 8*s - 2 + 2), Eq(-8*s - (-1)*8*s, -r - (-1)*8*s - 2), Eq(r, -r + r + 8*s - 2), Eq(1*r - 8*s - (-1)*8*s, 8*s - 2), Eq(-8*s - (-1)*8*s - 1*(-2), -r + 8*s), Eq(-8*s - (-1)*8*s, -r + 8*s - 2), Eq(-8*s/(-8), (-r - 2)/(-8)), Eq(-8*s + 8*s + 2, -r + 8*s - 2 + 2), Eq(-8*s - (-1)*2, -r), Eq(r + 2, -r + r + 8*s - 2 + 2), Eq(-(-1)*r - 8*s - (-1)*8*s - (-2), -r - (-1)*r - (-1)*8*s - 1*2 - (-2)), Eq(-8*s - (-1)*8*s - (-1)*2, -r + 8*s), Eq(r - 8*s, -r + r - 2), Eq(-8*s + 8*s, -r + 8*s - 2), Eq(-8*s - (-1)*8*s - (-1)*2, -r - (-1)*8*s - 1*2 - (-1)*2), Eq(1*r - 8*s - (-1)*8*s - 1*(-2), 8*s), Eq(-(-1)*r - 8*s - (-1)*8*s - 1*(-2), -r - (-1)*r - (-1)*8*s - 1*2 - 1*(-2)), Eq(-8*s, -r - 1*2), Eq(s, 0.12*r + 0.25), Eq(r, -r - (-1)*r - (-1)*8*s - 2), Eq(0, -r - (-1)*8*s - 1*2), Eq(s, (-r - 2)/(-8)), Eq(r, -r - (-1)*r - (-1)*8*s - 1*2), Eq(2, -r + 8*s - 2 + 2), Eq(-8*s - (-1)*8*s - (-2), -r - (-1)*8*s - 2 - (-2)), Eq(r - 8*s + 8*s + 2, 8*s), Eq(2, -r - (-1)*8*s - 2 - (-2)), Eq(r + 2, -r - (-1)*r - (-1)*8*s - 1*2 - 1*(-2)), Eq(-8*s - (-1)*8*s - 1*(-2), -r - (-1)*8*s - 2 - 1*(-2)), Eq(-(-1)*r - 8*s - (-1)*8*s, 8*s - 2), Eq(-(-1)*r - 8*s - (-1)*8*s, -r - (-1)*r - (-1)*8*s - 1*2), Eq(1*r - 8*s - (-1)*8*s - (-1)*2, -r - (-1)*r - (-1)*8*s - 2 - (-1)*2), Eq(-8*s + 8*s + 2, -r + 8*s - 2 + 2), Eq(r - 8*s + 8*s + 2, -r + r + 8*s - 2 + 2), Eq(1*r - 8*s - (-1)*8*s, -r - (-1)*r - (-1)*8*s - 2), Eq(r - 8*s, -2), Eq(r - 8*s + 8*s, 8*s - 2), Eq(r - 8*s + 8*s, -r + r + 8*s - 2), Eq(r - 8*s + 8*s, 8*s - 2), Eq(1*r - 8*s - (-1)*8*s, -r - (-1)*r - (-1)*8*s - 1*2), Eq(-2, r - 8*s), Eq(-8*s - 1*(-2), -r), Eq(-8*s - 1*(-2), -r - 1*2 - 1*(-2)), Eq(r + 2, -r - (-1)*r - (-1)*8*s - 1*2 - 1*(-2)), Eq(0, r - 8*s + 2), Eq(r - 8*s, -r - (-1)*r - 2), Eq(-r - 2, -8*s)}"
54,-3 - 2=b + 3,-3*b=6,b = -b + b - 5 - 3,0.5030498620981678,,-4*b - 14,[],"(""move term 'b'"", ""move term '-5'"", ""divide_factor '-b'"")",[],"(b, -5, -1)",,162,"{Eq(-5 - 3 + 5, b + 5), Eq(-3 - 2 - 1*(-3), b + 6), Eq(-b - 3, -b + b - 3 + 2 + 3 + 3), Eq(-3 - 2 + 2 + 3, b + 2 + 3 + 3), Eq(b, -8), Eq(0, b + 3 + 5), Eq(-3 - 3 - 1*2 - 1*(-3), b - 3 + 3 - 1*(-3)), Eq(-3 - 1*3 - 2, b - 1*3 + 3), Eq(-3, b - 3 + 2 + 3 + 3), Eq(b + 5, -3), Eq(-b - 5 - 3 + 5, -b + b - 3 + 3 + 5), Eq(3, -b - 5), Eq(-b - 3 - 2 - (-1)*2 - (-3), 8), Eq(-b - 2, -b + b + 3 - 1*(-3)), Eq(-b, -b + b + 2 + 3 + 3), Eq(b, (-b + b + 3 - (-5))/(-1)), Eq(-5 - 3 - 1*(-5), b + 5), Eq(-3, b - (-1)*2 + 3), Eq(-3 - 1*2 - (-1)*2 - (-3), b - (-1)*2 + 3 - (-3)), Eq(-b - 1*3 - 1*3 - 1*2 - (-1)*2 - 1*(-3), 5), Eq(-b - 3 - 2 + 3, -b + b + 3 + 3), Eq(b + 3, -5), Eq(-b - 2, -b + b + 3 + 3), Eq(-3 - 1*2, b + 3), Eq(8, -b), Eq(-b - 3, 5), Eq(-5 - 1*3 - (-5), b + 5), Eq(-b - 5 - 3 - 1*(-5), -b + b - 3 + 3 - 1*(-5)), Eq(-8, b), Eq(-b - 3 - 2 - (-1)*2 - (-3), -b + b - (-1)*2 + 3 - (-3)), Eq(-b, -b + b + 2 + 3 + 3), Eq(-b - 3, -b + b - 3 + 3 - 1*(-5)), Eq(-b - 3 - 2 + 3, 6), Eq(-3, b - 3 + 3 + 5), Eq(-3 - 1*3 - 2 - (-1)*2 - (-3), b + 5), Eq(-b - 5 - 3 + 5, 5), Eq(-b - 3, -b + b - 1*3 + 3 - (-5)), Eq(-3 - 3 - 2 + 2 + 3, b + 5), Eq(0, b + 2 + 3 + 3), Eq(-b - 3 - 2, 3), Eq(-5 - 3 + 5, b - 3 + 3 + 5), Eq(-3 - 2 - (-1)*2, b + 5), Eq(-3 - 1*3 - 2 - (-1)*2 - (-3), b - 1*3 - (-1)*2 + 3 - (-3)), Eq(-b/(-1), -b + b - 3 - 3 - 2), Eq(-b - 5, -b + b + 3), Eq(-b - 1*3 - 1*3 - 1*2 - (-1)*2 - (-3), 5), Eq(-b - 3, -b + b - 1*3 - (-1)*2 + 3 - (-3)), Eq(-2, b + 3 - 1*(-3)), Eq(-b - 2, 6), Eq(-b - 5 + 5, -b + b + 3 + 5), Eq(0, b - (-1)*2 + 3 - 1*(-3)), Eq(-b - 3 - 2 - (-1)*2 - 1*(-3), -b + b - (-1)*2 + 3 - 1*(-3)), Eq(-5 - 3, b), Eq(-3, b - 3 + 3 - 1*(-5)), Eq(-b, -b + b - (-1)*2 + 3 - (-3)), Eq(-b - 3 - 2, -b + b + 3), Eq(-b - 1*3 - 1*3 - 1*2 - (-1)*2 - (-3), -b + b - 1*3 - (-1)*2 + 3 - (-3)), Eq(-b - 1*5 - 1*(-5), -b + b + 3 - 1*(-5)), Eq(-8, b - 3 + 3), Eq(-3 - 1*2 - (-1)*2 - 1*(-3), b + 8), Eq(-5 - 1*3, b), Eq(b, -b + b - 3 - 3 - 2), Eq(-b, -b + b + 3 + 5), Eq(-2, b + 3 + 3), Eq(-b - 1*3 - 1*2 - 1*(-3), -b + b + 3 - 1*(-3)), Eq(-b/(-1), -b + b - 5 - 3), Eq(-b - 3, -b + b - 1*3 - (-1)*2 + 3 - 1*(-3)), Eq(-3 - 2 + 2, b + 2 + 3), Eq(-b - 3 - 2 + 2 + 3, 8), Eq(-b/(-1), -b + b - 3 - 3 - 2), Eq(-b - 3 - 2 + 2 + 3, 8), Eq(-3 - 1*2 - (-1)*2 - 1*(-3), b - (-1)*2 + 3 - 1*(-3)), Eq(-5 - 3, b - 3 + 3), Eq(-5, b + 3), Eq(-b - 3, -b + b - 1*3 + 3 - (-5)), Eq(-b - 3, -b + b - 3 + 2 + 3 + 3), Eq(-5 - 1*(-5), b + 8), Eq(-b - 3, -b + b - 3 - (-1)*2 + 3 - 1*(-3)), Eq(-3 - 2 + 3, b + 3 + 3), Eq(-b - 3 - 3 - 2 + 2 + 3, -b + b - 3 + 2 + 3 + 3), Eq(-5 - 1*3, b - 1*3 + 3), Eq(-b - 5 - 1*3 - (-5), 5), Eq(-b - 3 - 2 - (-1)*2 - 1*(-3), 8), Eq(0, b + 8), Eq(-b - 3 - 2 - (-1)*2 - (-3), 8), Eq(-b - 3, -b + b - 3 + 3 + 5), Eq(b, -b + b - 5 - 3), Eq(0, b + 2 + 3 + 3), Eq(-3 - 2 - 1*(-3), b + 3 - 1*(-3)), Eq(-b - 5 - 1*3 - (-5), -b + b - 1*3 + 3 - (-5)), Eq(b, -b + b - 3 - 3 - 2), Eq(-b - 3 - 3 - 1*2 - (-1)*2 - 1*(-3), 5), Eq(-5 - 1*(-5), b + 3 - 1*(-5)), Eq(-3, b + 5), Eq(-b, -b + b - (-1)*2 + 3 - 1*(-3)), Eq(-b - 5 - 1*3 - (-5), 5), Eq(-3, b - 1*3 - (-1)*2 + 3 - (-3)), Eq(-b - 1*3 - 1*2 - 1*(-3), 6), Eq(-5 - 1*3 - (-5), b - 1*3 + 3 - (-5)), Eq(-b - 1*3 - 1*3 - 1*2 - (-1)*2 - 1*(-3), -b + b - 1*3 - (-1)*2 + 3 - 1*(-3)), Eq(b + 2, -6), Eq(-5 + 5, b + 3 + 5), Eq(-8, b - 1*3 + 3), Eq(-b - 1*5 - 1*(-5), 8), Eq(0, b + 3 - 1*(-5)), Eq(-b - 3 - 3 - 2 + 2 + 3, 5), Eq(-b - 5 - 3 + 5, 5), Eq(-b - 5 + 5, 8), Eq(-b - 3 - 3 - 2 + 2 + 3, 5), Eq(-3, b - 1*3 + 3 - (-5)), Eq(-3 - 1*2, b + 3), Eq(-3 - 3 - 2 + 3, b + 3), Eq(-3 - 1*3 - 2, b), Eq(-5, b - 3 + 3 + 3), Eq(-3 - 1*2 - (-1)*2 - (-3), b + 8), Eq(-3 - 3 - 2, b), Eq(-5 - 3 + 5, b - 3 + 3 + 5), Eq(0, -b - 8), Eq(-b - 3 - 2, -b + b + 3), Eq(-b, 8), Eq(-3, b + 2 + 3), Eq(-b, -b + b + 3 - 1*(-5)), Eq(-3 - 3 - 2 + 2 + 3, b - 3 + 2 + 3 + 3), Eq(-b - 3 - 3 - 1*2 - (-1)*2 - 1*(-3), -b + b - 3 - (-1)*2 + 3 - 1*(-3)), Eq(-b - 3 - 2 + 2 + 3, -b + b + 2 + 3 + 3), Eq(-b/(-1), (-b + b - (-1)*2 + 3 - 1*(-3))/(-1)), Eq(-3 - 2 + 2 + 3, b + 8), Eq(-b - 3 - 2 - (-1)*2 - (-3), -b + b - (-1)*2 + 3 - (-3)), Eq(-b - 5 - 1*3 - (-5), -b + b - 1*3 + 3 - (-5)), Eq(-b - 5, 3), Eq(-b/(-1), 8/(-1)), Eq(-3 - 2 + 2 + 3, b + 2 + 3 + 3), Eq(-3, b - 3 + 3 + 5), Eq(-5, b - 3 + 3 - 1*(-3)), Eq(-3 - 2 - (-1)*2, b - (-1)*2 + 3), Eq(-2, b + 6), Eq(-3 - 3 - 2, b - 3 + 3), Eq(-b - 3 - 2, 3), Eq(-5 - 3 - 1*(-5), b - 3 + 3 - 1*(-5)), Eq(b, (-b + b - (-1)*2 + 3 - 1*(-3))/(-1)), Eq(-b - 3 - 3 - 2 + 2 + 3, -b + b - 3 + 2 + 3 + 3), Eq(-b - 3 - 2 + 2 + 3, -b + b + 2 + 3 + 3), Eq(-b, -b + b - (-1)*2 + 3 - (-3)), Eq(-b - 5 - 3 + 5, -b + b - 3 + 3 + 5), Eq(b, 8/(-1)), Eq(-3 - 2 + 3, b + 6), Eq(0, b - (-1)*2 + 3 - (-3)), Eq(-b/(-1), (-b + b - (-1)*2 + 3 - (-3))/(-1)), Eq(-5, b + 3), Eq(-3 - 3 - 1*2 - 1*(-3), b + 3), Eq(-b - 5 - 3 - 1*(-5), 5), Eq(5, -b - 3), Eq(-3 - 2 + 2, b + 5), Eq(-b/(-1), -8), Eq(-3 - 3 - 2 + 3, b - 3 + 3 + 3), Eq(-b/(-1), (-b + b + 3 - (-5))/(-1)), Eq(-5 - 3 + 5, b + 5), Eq(-5 + 5, b + 8), Eq(b, (-b + b - (-1)*2 + 3 - (-3))/(-1)), Eq(2, -b - 6), Eq(-3 - 2 + 2 + 3, b + 8), Eq(-b - 3, -b + b - 3 + 3 + 5)}"
55,-8*s=-r - 2,-8*s=-2*r,r - 8*s + 8*s + 2 = 8*s,0.7212036886606041,,r - 2,[],"(""move term '-r'"", ""move term '-8*s'"", ""move term '-2'"", 'convert_to_decimals ')",[],"(-r, -8*s, -2)",,100,"{Eq(-8*s/(-8), (-r - 1*2)/(-8)), Eq(-8*s - (-1)*8*s, -r - (-1)*8*s - 1*2), Eq(0, -r + 8*s - 2), Eq(-(-1)*r - 8*s - (-1)*8*s - 1*(-2), 8*s), Eq(-8*s/(-8), r/8 + 1/4), Eq(-(-1)*r - 8*s - (-1)*8*s - (-1)*2, 8*s), Eq(r + 2, -r - (-1)*r - (-1)*8*s - 1*2 - (-2)), Eq(-(-1)*r - 8*s, -r - (-1)*r - 2), Eq(2 - 8*s, -r - 2 - (-1)*2), Eq(r + 2, -r - (-1)*r - (-1)*8*s - 2 - (-1)*2), Eq(r + 2, 8*s), Eq(-8*s + 8*s, -r + 8*s - 2), Eq(2 - 8*s, -r - 2 + 2), Eq(r - 8*s, -2), Eq(-8*s - (-1)*8*s - (-2), -r + 8*s), Eq(s, (-r - 1*2)/(-8)), Eq(r - 8*s + 8*s, -r + r + 8*s - 2), Eq(2 - 8*s, -r), Eq(s, r/8 + 1/4), Eq(2, -r - (-1)*8*s - 1*2 - (-1)*2), Eq(0, -r - (-1)*8*s - 2), Eq(-(-1)*r - 8*s, -2), Eq(r - 8*s, -r - (-1)*r - 1*2), Eq(-8*s/(-8), r/8 + 1/4), Eq(-r, 2 - 8*s), Eq(0, -r + 8*s - 2), Eq(-8*s - (-1)*2, -r - 2 - (-1)*2), Eq(-8*s + 8*s + 2, -r + 8*s), Eq(r - 8*s + 8*s + 2, -r + r + 8*s - 2 + 2), Eq(-(-1)*r - 8*s, -r - (-1)*r - 1*2), Eq(-8*s, -r - 2), Eq(-8*s + 8*s + 2, -r + 8*s), Eq(1*r - 8*s - (-1)*8*s - (-1)*2, 8*s), Eq(8*s, r + 2), Eq(r, 8*s - 2), Eq(r, -r - (-1)*r - (-1)*8*s - 1*2), Eq(r, -r + r + 8*s - 2), Eq(-s, -0.12*r - 0.25), Eq(-(-1)*r - 8*s - (-1)*8*s - (-1)*2, -r - (-1)*r - (-1)*8*s - 2 - (-1)*2), Eq(1*r - 8*s - (-1)*8*s - 1*(-2), -r - (-1)*r - (-1)*8*s - 1*2 - 1*(-2)), Eq(s, r/8 + 1/4), Eq(8*s - 2, r), Eq(r + 2, -r - (-1)*r - (-1)*8*s - 2 - (-1)*2), Eq(-(-1)*r - 8*s - (-1)*8*s - (-2), 8*s), Eq(2, -r - (-1)*8*s - 2 - 1*(-2)), Eq(r - 8*s, -r + r - 2), Eq(2, -r + 8*s), Eq(2 - 8*s, -r - 2 + 2), Eq(-r + 8*s, 2), Eq(2 - 8*s, -r), Eq(2, -r + 8*s - 2 + 2), Eq(2 - 8*s, -r - 1*2 - 1*(-2)), Eq(r - 8*s + 8*s + 2, 8*s), Eq(r + 2, -r + r + 8*s - 2 + 2), Eq(-8*s - (-1)*8*s, -r - (-1)*8*s - 2), Eq(r, -r + r + 8*s - 2), Eq(1*r - 8*s - (-1)*8*s, 8*s - 2), Eq(-8*s - (-1)*8*s - 1*(-2), -r + 8*s), Eq(-8*s - (-1)*8*s, -r + 8*s - 2), Eq(-8*s/(-8), (-r - 2)/(-8)), Eq(-8*s + 8*s + 2, -r + 8*s - 2 + 2), Eq(-8*s - (-1)*2, -r), Eq(r + 2, -r + r + 8*s - 2 + 2), Eq(-(-1)*r - 8*s - (-1)*8*s - (-2), -r - (-1)*r - (-1)*8*s - 1*2 - (-2)), Eq(-8*s - (-1)*8*s - (-1)*2, -r + 8*s), Eq(r - 8*s, -r + r - 2), Eq(-8*s + 8*s, -r + 8*s - 2), Eq(-8*s - (-1)*8*s - (-1)*2, -r - (-1)*8*s - 1*2 - (-1)*2), Eq(1*r - 8*s - (-1)*8*s - 1*(-2), 8*s), Eq(-(-1)*r - 8*s - (-1)*8*s - 1*(-2), -r - (-1)*r - (-1)*8*s - 1*2 - 1*(-2)), Eq(-8*s, -r - 1*2), Eq(s, 0.12*r + 0.25), Eq(r, -r - (-1)*r - (-1)*8*s - 2), Eq(0, -r - (-1)*8*s - 1*2), Eq(s, (-r - 2)/(-8)), Eq(r, -r - (-1)*r - (-1)*8*s - 1*2), Eq(2, -r + 8*s - 2 + 2), Eq(-8*s - (-1)*8*s - (-2), -r - (-1)*8*s - 2 - (-2)), Eq(r - 8*s + 8*s + 2, 8*s), Eq(2, -r - (-1)*8*s - 2 - (-2)), Eq(r + 2, -r - (-1)*r - (-1)*8*s - 1*2 - 1*(-2)), Eq(-8*s - (-1)*8*s - 1*(-2), -r - (-1)*8*s - 2 - 1*(-2)), Eq(-(-1)*r - 8*s - (-1)*8*s, 8*s - 2), Eq(-(-1)*r - 8*s - (-1)*8*s, -r - (-1)*r - (-1)*8*s - 1*2), Eq(1*r - 8*s - (-1)*8*s - (-1)*2, -r - (-1)*r - (-1)*8*s - 2 - (-1)*2), Eq(-8*s + 8*s + 2, -r + 8*s - 2 + 2), Eq(r - 8*s + 8*s + 2, -r + r + 8*s - 2 + 2), Eq(1*r - 8*s - (-1)*8*s, -r - (-1)*r - (-1)*8*s - 2), Eq(r - 8*s, -2), Eq(r - 8*s + 8*s, 8*s - 2), Eq(r - 8*s + 8*s, -r + r + 8*s - 2), Eq(r - 8*s + 8*s, 8*s - 2), Eq(1*r - 8*s - (-1)*8*s, -r - (-1)*r - (-1)*8*s - 1*2), Eq(-2, r - 8*s), Eq(-8*s - 1*(-2), -r), Eq(-8*s - 1*(-2), -r - 1*2 - 1*(-2)), Eq(r + 2, -r - (-1)*r - (-1)*8*s - 1*2 - 1*(-2)), Eq(0, r - 8*s + 2), Eq(r - 8*s, -r - (-1)*r - 2), Eq(-r - 2, -8*s)}"
50,2 - 4*s=-r + 4*s,2=-r,2 = -r + 8*s,0.7954559261284248,,8*s,"['Sign error 7: Be aware when adding 4*s', 'Missing variable: where did s disappear?']","(""move term '-4*s'"",)",['variable: s'],"(-4*s,)",,127,"{Eq(-4*s - 4*s - 2 + 2, -r - 4*s + 4*s - 2), Eq(-4*s/(-4), r/4 - s + 1/2), Eq(-4*s - (-1)*4*s - 1*2 + 2, -r + 8*s - 2), Eq(1*r - 4*s - 4*s - (-1)*4*s - 2 + 2, 4*s - 2), Eq(-4*s/(-4), (-r - 4*s + 4*s - (-1)*4*s - 1*2)/(-4)), Eq(2 - 8*s, -r), Eq(r, 8*s - 2), Eq(0, -r + 8*s - 2), Eq(0, -r + 4*s + 4*s - 2), Eq(s, r/8 - s/2 + s/2 + 1/4), Eq(2 - 4*s, -r + 4*s), Eq(-8*s/(-8), (-r - 1*2)/(-8)), Eq(r - 4*s + 4*s - 2 + 2, 8*s - 2), Eq(-4*s/(-4), r/4 - s + 1/2), Eq(-8*s/(-8), (-r - 4*s + 4*s - 2)/(-8)), Eq(1*r - 4*s - (-1)*4*s - 2 + 2, -r - (-1)*r + 4*s - (-1)*4*s - 2), Eq(1*r - 4*s - 1*2 + 2, 4*s - 2), Eq(-(-1)*r - 4*s - 4*s - (-1)*4*s - 1*2 + 2, 4*s - 2), Eq(2 - 4*s, -r + 4*s), Eq(-2, r - 8*s), Eq(1*r - 4*s - (-1)*4*s - 2 + 2, 8*s - 2), Eq(r - 4*s - 4*s + 4*s - 2 + 2, -r + r - 4*s + 4*s + 4*s - 2), Eq(r - 4*s + 4*s - 2 + 2, 8*s - 2), Eq(-4*s/(-4), (-r + 4*s - 2)/(-4)), Eq(-4*s + 4*s - 2 + 2, -r + 4*s + 4*s - 2), Eq(-4*s - 4*s + 2, -r), Eq(-(-1)*r - 4*s + 2, 4*s), Eq(8*s, r + 2), Eq(r - 4*s, -r + r - 4*s + 4*s + 4*s - 2), Eq(0, -r + 4*s - (-1)*4*s - 2), Eq(-4*s - (-1)*4*s - 1*2 + 2, -r + 4*s - (-1)*4*s - 1*2), Eq(-4*s - 2 + 2, -r + 4*s - 2), Eq(s, r/8 + 1/4), Eq(0, -r + 4*s - (-1)*4*s - 1*2), Eq(s, r/4 - s - s + s + 1/2), Eq(-(-1)*r - 4*s + 2, -r - (-1)*r + 4*s), Eq(-4*s - 4*s - (-1)*4*s - 2 + 2, -r + 4*s - 2), Eq(s, 0.12*r + 0.25), Eq(-4*s - 2 + 2, -r + 4*s - 2), Eq(1*r - 4*s - 4*s - (-1)*4*s - 1*2 + 2, 4*s - 2), Eq(r - 4*s, -r + r + 4*s - 2), Eq(r - 4*s + 2, -r + r + 4*s), Eq(r - 4*s, -r + r - 4*s + 4*s + 4*s - 2), Eq(-4*s + 4*s + 2, -r + 8*s), Eq(-(-1)*r - 4*s - 4*s - (-1)*4*s - 1*2 + 2, -r - (-1)*r - 4*s + 4*s - (-1)*4*s - 1*2), Eq(-r + 4*s - 2, -4*s), Eq(-4*s - 1*2 + 2, -r + 4*s - 2), Eq(r - 4*s - 2 + 2, -r + r + 4*s - 2), Eq(-r + 4*s, 2 - 4*s), Eq(-4*s, -r - 4*s + 4*s - (-1)*4*s - 2), Eq(r, -r + r + 4*s + 4*s - 2), Eq(r - 4*s + 4*s - 2 + 2, -r + r + 4*s + 4*s - 2), Eq(s, (-r + 4*s - 1*2)/(-4)), Eq(2, -r + 8*s), Eq(-4*s + 4*s - 2 + 2, -r + 8*s - 2), Eq(-4*s + 4*s - 2 + 2, -r + 4*s + 4*s - 2), Eq(2 - 8*s, -r - 4*s + 4*s), Eq(-8*s/(-8), r/8 - s/2 + s/2 + 1/4), Eq(s, r/4 - s + 1/2), Eq(-4*s - (-1)*4*s + 2, -r + 8*s), Eq(r - 4*s, -r - (-1)*r - 4*s + 4*s - (-1)*4*s - 1*2), Eq(-4*s/(-4), r/4 - s + 1/2), Eq(-4*s + 4*s + 2, -r + 4*s + 4*s), Eq(4*s - 2, r - 4*s), Eq(s, (-r - 4*s + 4*s - (-1)*4*s - 1*2)/(-4)), Eq(-4*s - 1*2 + 2, -r + 4*s - 1*2), Eq(-(-1)*r - 4*s - (-1)*4*s - 2 + 2, -r - (-1)*r + 4*s - (-1)*4*s - 2), Eq(-8*s, -r - 2), Eq(8*s - 2, r), Eq(-4*s - 4*s - 1*2 + 2, -r - 2), Eq(s, r/4 - s + 1/2), Eq(r - 4*s, -r - (-1)*r - 4*s + 4*s - (-1)*4*s - 2), Eq(-8*s, -r - 4*s + 4*s - 1*2), Eq(-4*s - 4*s + 2, -r - 4*s + 4*s), Eq(-(-1)*r - 4*s - (-1)*4*s - 1*2 + 2, -r - (-1)*r + 4*s - (-1)*4*s - 1*2), Eq(-4*s - 4*s + 2, -r - 4*s + 4*s), Eq(-4*s + 4*s - 2 + 2, -r + 8*s - 2), Eq(r - 4*s + 2, 4*s), Eq(s, (-r + 4*s - 2)/(-4)), Eq(r - 4*s - 4*s + 4*s - 2 + 2, 4*s - 2), Eq(2, -r + 4*s + 4*s), Eq(1*r - 4*s - 4*s - (-1)*4*s - 2 + 2, -r - (-1)*r - 4*s + 4*s - (-1)*4*s - 2), Eq(-8*s/(-8), r/8 + 1/4), Eq(-r, 2 - 8*s), Eq(2, -r + 4*s - (-1)*4*s), Eq(-4*s - 4*s - (-1)*4*s - 2 + 2, -r - 4*s + 4*s - (-1)*4*s - 2), Eq(-8*s, -r - 4*s + 4*s - 2), Eq(-4*s - 4*s - 2 + 2, -r - 2), Eq(-4*s - 4*s + 4*s - 2 + 2, -r - 4*s + 4*s + 4*s - 2), Eq(-s, -0.12*r - 0.25), Eq(-(-1)*r - 4*s - (-1)*4*s - 1*2 + 2, 8*s - 2), Eq(r - 4*s + 2, -r + r + 4*s), Eq(s, (-r - 1*2)/(-8)), Eq(-4*s/(-4), (-r + 4*s - 1*2)/(-4)), Eq(-4*s - (-1)*4*s + 2, -r + 4*s - (-1)*4*s), Eq(s, (-r - 4*s + 4*s - 2)/(-8)), Eq(-4*s - (-1)*4*s - 2 + 2, -r + 8*s - 2), Eq(4*s, r - 4*s + 2), Eq(1*r - 4*s - 4*s - (-1)*4*s - 1*2 + 2, -r - (-1)*r - 4*s + 4*s - (-1)*4*s - 1*2), Eq(-4*s, -r - 4*s + 4*s + 4*s - 2), Eq(r - 4*s, -r - (-1)*r + 4*s - 1*2), Eq(2 - 8*s, -r - 4*s + 4*s), Eq(r, -r - (-1)*r + 4*s - (-1)*4*s - 2), Eq(-(-1)*r - 4*s - (-1)*4*s - 2 + 2, 8*s - 2), Eq(r - 4*s - 2 + 2, 4*s - 2), Eq(-4*s/(-4), r/4 - s - s + s + 1/2), Eq(r, -r - (-1)*r + 4*s - (-1)*4*s - 2), Eq(r - 4*s - 4*s + 4*s - 2 + 2, -r + r - 4*s + 4*s + 4*s - 2), Eq(-4*s - 4*s + 4*s - 2 + 2, -r + 4*s - 2), Eq(-4*s - 4*s - 1*2 + 2, -r - 4*s + 4*s - 1*2), Eq(r - 4*s - 4*s + 4*s - 2 + 2, 4*s - 2), Eq(r, -r + r + 4*s + 4*s - 2), Eq(-4*s - 4*s + 2, -r), Eq(-4*s - (-1)*4*s - 2 + 2, -r + 4*s - (-1)*4*s - 2), Eq(-4*s, -r + 4*s - 1*2), Eq(r - 4*s, -r - (-1)*r - 4*s + 4*s - (-1)*4*s - 1*2), Eq(1*r - 4*s - 1*2 + 2, -r - (-1)*r + 4*s - 1*2), Eq(0, -r + 4*s + 4*s - 2), Eq(-4*s, -r + 4*s - 2), Eq(r - 4*s + 4*s - 2 + 2, -r + r + 4*s + 4*s - 2), Eq(s, r/4 - s + 1/2), Eq(r - 4*s + 2, 4*s), Eq(-4*s, -r + 4*s - 2), Eq(0, r - 8*s + 2), Eq(r, -r - (-1)*r + 4*s - (-1)*4*s - 1*2), Eq(r - 4*s, 4*s - 2), Eq(r - 4*s + 2, -r - (-1)*r + 4*s)}"
53,-8*s=-r - 2,-8*s=2*r,r = -r - (-1)*r - (-1)*8*s - 1*2,0.5609993043132578,,-r - 16*s + 2,['Sign error 7: Be aware when adding -8*s'],"(""move term '-r'"", ""move term '-8*s'"")",[],"(-r, -8*s)",,100,"{Eq(-r + 8*s, 2), Eq(r - 8*s + 8*s, -r + r + 8*s - 2), Eq(2 - 8*s, -r), Eq(r, 8*s - 2), Eq(0, -r + 8*s - 2), Eq(-8*s/(-8), (-r - 1*2)/(-8)), Eq(r + 2, -r - (-1)*r - (-1)*8*s - 1*2 - (-2)), Eq(-r - 2, -8*s), Eq(-2, r - 8*s), Eq(-8*s - (-1)*2, -r - 2 - (-1)*2), Eq(r - 8*s + 8*s, 8*s - 2), Eq(-8*s - (-1)*8*s, -r - (-1)*8*s - 2), Eq(-8*s + 8*s + 2, -r + 8*s - 2 + 2), Eq(8*s, r + 2), Eq(r - 8*s, -r + r - 2), Eq(2, -r - (-1)*8*s - 2 - 1*(-2)), Eq(s, r/8 + 1/4), Eq(-8*s - (-1)*8*s, -r - (-1)*8*s - 1*2), Eq(-8*s + 8*s + 2, -r + 8*s), Eq(2 - 8*s, -r - 2 - (-1)*2), Eq(r + 2, 8*s), Eq(r + 2, -r - (-1)*r - (-1)*8*s - 2 - (-1)*2), Eq(s, 0.12*r + 0.25), Eq(s, r/8 + 1/4), Eq(2, -r - (-1)*8*s - 2 - (-2)), Eq(1*r - 8*s - (-1)*8*s - 1*(-2), -r - (-1)*r - (-1)*8*s - 1*2 - 1*(-2)), Eq(r - 8*s, -2), Eq(r - 8*s, -2), Eq(-8*s - (-1)*8*s - 1*(-2), -r + 8*s), Eq(-(-1)*r - 8*s - (-1)*8*s - (-1)*2, 8*s), Eq(-(-1)*r - 8*s - (-1)*8*s - (-1)*2, -r - (-1)*r - (-1)*8*s - 2 - (-1)*2), Eq(r, -r + r + 8*s - 2), Eq(2, -r - (-1)*8*s - 1*2 - (-1)*2), Eq(-8*s - 1*(-2), -r), Eq(r + 2, -r - (-1)*r - (-1)*8*s - 1*2 - 1*(-2)), Eq(-(-1)*r - 8*s - (-1)*8*s, 8*s - 2), Eq(2, -r + 8*s), Eq(s, (-r - 2)/(-8)), Eq(-(-1)*r - 8*s - (-1)*8*s - 1*(-2), 8*s), Eq(r - 8*s + 8*s + 2, -r + r + 8*s - 2 + 2), Eq(r - 8*s + 8*s, -r + r + 8*s - 2), Eq(1*r - 8*s - (-1)*8*s, -r - (-1)*r - (-1)*8*s - 1*2), Eq(r - 8*s, -r - (-1)*r - 2), Eq(-8*s + 8*s + 2, -r + 8*s - 2 + 2), Eq(r - 8*s + 8*s + 2, 8*s), Eq(r - 8*s + 8*s, 8*s - 2), Eq(1*r - 8*s - (-1)*8*s - (-1)*2, -r - (-1)*r - (-1)*8*s - 2 - (-1)*2), Eq(2 - 8*s, -r - 2 + 2), Eq(-8*s, -r - 2), Eq(8*s - 2, r), Eq(0, -r - (-1)*8*s - 2), Eq(-(-1)*r - 8*s - (-1)*8*s - (-2), -r - (-1)*r - (-1)*8*s - 1*2 - (-2)), Eq(r, -r - (-1)*r - (-1)*8*s - 2), Eq(-(-1)*r - 8*s - (-1)*8*s - 1*(-2), -r - (-1)*r - (-1)*8*s - 1*2 - 1*(-2)), Eq(-8*s - (-1)*8*s - (-1)*2, -r - (-1)*8*s - 1*2 - (-1)*2), Eq(r + 2, -r - (-1)*r - (-1)*8*s - 2 - (-1)*2), Eq(1*r - 8*s - (-1)*8*s - 1*(-2), 8*s), Eq(-8*s - (-1)*8*s - (-1)*2, -r + 8*s), Eq(r, -r + r + 8*s - 2), Eq(-8*s + 8*s, -r + 8*s - 2), Eq(-8*s - (-1)*8*s - (-2), -r - (-1)*8*s - 2 - (-2)), Eq(2 - 8*s, -r - 1*2 - 1*(-2)), Eq(r, -r - (-1)*r - (-1)*8*s - 1*2), Eq(-8*s/(-8), r/8 + 1/4), Eq(-r, 2 - 8*s), Eq(1*r - 8*s - (-1)*8*s, -r - (-1)*r - (-1)*8*s - 2), Eq(-8*s, -r - 1*2), Eq(r - 8*s, -r - (-1)*r - 1*2), Eq(0, -r - (-1)*8*s - 1*2), Eq(2 - 8*s, -r - 2 + 2), Eq(-(-1)*r - 8*s, -2), Eq(r, -r - (-1)*r - (-1)*8*s - 1*2), Eq(-8*s - (-1)*8*s, -r + 8*s - 2), Eq(r + 2, -r + r + 8*s - 2 + 2), Eq(-s, -0.12*r - 0.25), Eq(2 - 8*s, -r), Eq(-8*s - (-1)*2, -r), Eq(r + 2, -r + r + 8*s - 2 + 2), Eq(-8*s/(-8), r/8 + 1/4), Eq(s, (-r - 1*2)/(-8)), Eq(-(-1)*r - 8*s - (-1)*8*s - (-2), 8*s), Eq(-8*s - (-1)*8*s - (-2), -r + 8*s), Eq(-8*s + 8*s, -r + 8*s - 2), Eq(r - 8*s + 8*s + 2, 8*s), Eq(2, -r + 8*s - 2 + 2), Eq(-(-1)*r - 8*s, -r - (-1)*r - 2), Eq(-8*s + 8*s + 2, -r + 8*s), Eq(-8*s/(-8), (-r - 2)/(-8)), Eq(1*r - 8*s - (-1)*8*s, 8*s - 2), Eq(-8*s - (-1)*8*s - 1*(-2), -r - (-1)*8*s - 2 - 1*(-2)), Eq(1*r - 8*s - (-1)*8*s - (-1)*2, 8*s), Eq(r - 8*s + 8*s + 2, -r + r + 8*s - 2 + 2), Eq(2, -r + 8*s - 2 + 2), Eq(r - 8*s, -r + r - 2), Eq(-8*s - 1*(-2), -r - 1*2 - 1*(-2)), Eq(0, -r + 8*s - 2), Eq(-(-1)*r - 8*s - (-1)*8*s, -r - (-1)*r - (-1)*8*s - 1*2), Eq(-(-1)*r - 8*s, -r - (-1)*r - 1*2), Eq(0, r - 8*s + 2), Eq(r + 2, -r - (-1)*r - (-1)*8*s - 1*2 - 1*(-2))}"
54,-3 - 2=b + 3,-3*b=6,b = -8,0.6733152692056801,,-4*b - 14,[],"(""move term 'b'"", ""move term '-5'"", ""divide_factor '-b'"")",[],"(b, -5, -1)",,162,"{Eq(-3 - 3 - 2, b), Eq(-3 - 2 + 2 + 3, b + 2 + 3 + 3), Eq(-b - 5 - 1*3 - (-5), -b + b - 1*3 + 3 - (-5)), Eq(0, b + 2 + 3 + 3), Eq(-b - 5 - 1*3 - (-5), -b + b - 1*3 + 3 - (-5)), Eq(-3 - 3 - 2 + 2 + 3, b - 3 + 2 + 3 + 3), Eq(-8, b - 1*3 + 3), Eq(-3 - 1*2 - (-1)*2 - (-3), b - (-1)*2 + 3 - (-3)), Eq(0, b + 3 + 5), Eq(-3 - 1*2 - (-1)*2 - (-3), b + 8), Eq(-b - 1*5 - 1*(-5), -b + b + 3 - 1*(-5)), Eq(5, -b - 3), Eq(-5 - 1*3, b - 1*3 + 3), Eq(-b - 3 - 3 - 2 + 2 + 3, 5), Eq(-3 - 2 - (-1)*2, b - (-1)*2 + 3), Eq(b, (-b + b - (-1)*2 + 3 - (-3))/(-1)), Eq(-3 - 2 - 1*(-3), b + 3 - 1*(-3)), Eq(-b/(-1), (-b + b - (-1)*2 + 3 - (-3))/(-1)), Eq(-8, b - 3 + 3), Eq(b, -b + b - 3 - 3 - 2), Eq(-5 - 1*3 - (-5), b - 1*3 + 3 - (-5)), Eq(-3 - 2 - 1*(-3), b + 6), Eq(-b - 5 - 3 - 1*(-5), 5), Eq(-b - 3, -b + b - 3 + 3 + 5), Eq(0, b - (-1)*2 + 3 - (-3)), Eq(-b - 3 - 2 + 2 + 3, -b + b + 2 + 3 + 3), Eq(0, b + 8), Eq(-3 - 3 - 2, b - 3 + 3), Eq(-b - 5 + 5, 8), Eq(0, b - (-1)*2 + 3 - 1*(-3)), Eq(-3 - 2 + 2 + 3, b + 2 + 3 + 3), Eq(-3 - 2 + 3, b + 3 + 3), Eq(-b - 3 - 2 - (-1)*2 - (-3), -b + b - (-1)*2 + 3 - (-3)), Eq(-b - 3, -b + b - 3 + 3 - 1*(-5)), Eq(-3, b - 3 + 3 - 1*(-5)), Eq(-2, b + 3 + 3), Eq(-b - 3 - 2, -b + b + 3), Eq(-b - 3 - 2 - (-1)*2 - (-3), -b + b - (-1)*2 + 3 - (-3)), Eq(-b - 5 - 1*3 - (-5), 5), Eq(-5 - 1*(-5), b + 8), Eq(-b - 5 - 3 + 5, -b + b - 3 + 3 + 5), Eq(-b, -b + b - (-1)*2 + 3 - 1*(-3)), Eq(-b - 5 - 3 + 5, 5), Eq(-b - 1*3 - 1*2 - 1*(-3), -b + b + 3 - 1*(-3)), Eq(0, -b - 8), Eq(-3 - 2 + 3, b + 6), Eq(8, -b), Eq(-3 - 2 + 2 + 3, b + 8), Eq(-b - 3 - 3 - 1*2 - (-1)*2 - 1*(-3), -b + b - 3 - (-1)*2 + 3 - 1*(-3)), Eq(-3, b + 2 + 3), Eq(-3, b + 5), Eq(b + 3, -5), Eq(-5, b - 3 + 3 - 1*(-3)), Eq(-b, 8), Eq(-3 - 1*2, b + 3), Eq(-3 - 1*2 - (-1)*2 - 1*(-3), b + 8), Eq(-b - 1*3 - 1*2 - 1*(-3), 6), Eq(b + 5, -3), Eq(-3 - 1*2 - (-1)*2 - 1*(-3), b - (-1)*2 + 3 - 1*(-3)), Eq(-b - 5 - 1*3 - (-5), 5), Eq(-b - 3 - 2 - (-1)*2 - 1*(-3), -b + b - (-1)*2 + 3 - 1*(-3)), Eq(-b/(-1), -b + b - 3 - 3 - 2), Eq(2, -b - 6), Eq(-b - 3 - 2 + 2 + 3, -b + b + 2 + 3 + 3), Eq(-b, -b + b - (-1)*2 + 3 - (-3)), Eq(-b - 5, -b + b + 3), Eq(-3 - 2 + 2 + 3, b + 8), Eq(-b - 1*5 - 1*(-5), 8), Eq(-b - 5 - 3 - 1*(-5), -b + b - 3 + 3 - 1*(-5)), Eq(-b - 3, -b + b - 3 - (-1)*2 + 3 - 1*(-3)), Eq(3, -b - 5), Eq(-b - 2, -b + b + 3 + 3), Eq(-b - 3 - 2, 3), Eq(-3 - 1*3 - 2, b), Eq(-b - 1*3 - 1*3 - 1*2 - (-1)*2 - 1*(-3), -b + b - 1*3 - (-1)*2 + 3 - 1*(-3)), Eq(-3 - 1*2, b + 3), Eq(-3 - 3 - 2 + 3, b - 3 + 3 + 3), Eq(-3 - 2 - (-1)*2, b + 5), Eq(-b - 2, -b + b + 3 - 1*(-3)), Eq(-2, b + 3 - 1*(-3)), Eq(-3 - 3 - 2 + 3, b + 3), Eq(-b - 3 - 2 - (-1)*2 - 1*(-3), 8), Eq(-3, b - 1*3 - (-1)*2 + 3 - (-3)), Eq(-3, b - 3 + 2 + 3 + 3), Eq(-5 + 5, b + 3 + 5), Eq(-2, b + 6), Eq(-5 - 3, b), Eq(-3, b - 1*3 + 3 - (-5)), Eq(-b - 3, -b + b - 3 + 3 + 5), Eq(-b - 3 - 2 + 2 + 3, 8), Eq(-5 - 3 + 5, b + 5), Eq(-3, b - 3 + 3 + 5), Eq(-5 - 3 + 5, b + 5), Eq(-3 - 1*3 - 2 - (-1)*2 - (-3), b + 5), Eq(-b, -b + b - (-1)*2 + 3 - (-3)), Eq(b, (-b + b + 3 - (-5))/(-1)), Eq(-3 - 3 - 1*2 - 1*(-3), b + 3), Eq(-3 - 2 + 2, b + 2 + 3), Eq(-b - 3, -b + b - 3 + 2 + 3 + 3), Eq(-3 - 2 + 2, b + 5), Eq(-b - 3, -b + b - 1*3 + 3 - (-5)), Eq(-b - 2, 6), Eq(-5 + 5, b + 8), Eq(b, 8/(-1)), Eq(b, -b + b - 5 - 3), Eq(-b - 3 - 3 - 1*2 - (-1)*2 - 1*(-3), 5), Eq(-5 - 3, b - 3 + 3), Eq(-b - 3 - 2, -b + b + 3), Eq(-b - 1*3 - 1*3 - 1*2 - (-1)*2 - 1*(-3), 5), Eq(-b, -b + b + 3 - 1*(-5)), Eq(b, -b + b - 3 - 3 - 2), Eq(-b/(-1), -b + b - 5 - 3), Eq(-b/(-1), 8/(-1)), Eq(0, b + 2 + 3 + 3), Eq(-b - 1*3 - 1*3 - 1*2 - (-1)*2 - (-3), -b + b - 1*3 - (-1)*2 + 3 - (-3)), Eq(-b - 3, -b + b - 1*3 - (-1)*2 + 3 - (-3)), Eq(-5 - 1*3, b), Eq(-b - 3 - 2 + 3, -b + b + 3 + 3), Eq(-b, -b + b + 2 + 3 + 3), Eq(-b - 3 - 2 + 2 + 3, 8), Eq(b + 2, -6), Eq(-b - 3, -b + b - 1*3 + 3 - (-5)), Eq(b, (-b + b - (-1)*2 + 3 - 1*(-3))/(-1)), Eq(-b - 5 + 5, -b + b + 3 + 5), Eq(-5 - 3 - 1*(-5), b - 3 + 3 - 1*(-5)), Eq(-3 - 3 - 1*2 - 1*(-3), b - 3 + 3 - 1*(-3)), Eq(-b/(-1), (-b + b - (-1)*2 + 3 - 1*(-3))/(-1)), Eq(-5, b + 3), Eq(-3 - 1*3 - 2, b - 1*3 + 3), Eq(-3 - 3 - 2 + 2 + 3, b + 5), Eq(b, -8), Eq(-3 - 1*3 - 2 - (-1)*2 - (-3), b - 1*3 - (-1)*2 + 3 - (-3)), Eq(0, b + 3 - 1*(-5)), Eq(-b - 3 - 3 - 2 + 2 + 3, -b + b - 3 + 2 + 3 + 3), Eq(-b/(-1), -8), Eq(-b - 1*3 - 1*3 - 1*2 - (-1)*2 - (-3), 5), Eq(-b - 3, 5), Eq(-5 - 1*3 - (-5), b + 5), Eq(-3, b - (-1)*2 + 3), Eq(-b - 3 - 3 - 2 + 2 + 3, 5), Eq(-5 - 3 - 1*(-5), b + 5), Eq(-b - 3, -b + b - 3 + 2 + 3 + 3), Eq(-5 - 3 + 5, b - 3 + 3 + 5), Eq(-b - 3, -b + b - 1*3 - (-1)*2 + 3 - 1*(-3)), Eq(-b/(-1), (-b + b + 3 - (-5))/(-1)), Eq(-5, b - 3 + 3 + 3), Eq(-b - 3 - 2 + 3, 6), Eq(-b - 3 - 3 - 2 + 2 + 3, -b + b - 3 + 2 + 3 + 3), Eq(-b - 3 - 2 - (-1)*2 - (-3), 8), Eq(-b - 5, 3), Eq(-5, b + 3), Eq(-3, b - 3 + 3 + 5), Eq(-b - 3 - 2 - (-1)*2 - (-3), 8), Eq(-b, -b + b + 2 + 3 + 3), Eq(-5 - 3 + 5, b - 3 + 3 + 5), Eq(-5 - 1*(-5), b + 3 - 1*(-5)), Eq(-b - 5 - 3 + 5, -b + b - 3 + 3 + 5), Eq(-8, b), Eq(-b - 3 - 2, 3), Eq(-b - 5 - 3 + 5, 5), Eq(-b/(-1), -b + b - 3 - 3 - 2), Eq(-b, -b + b + 3 + 5)}"
55,-8*s=-r - 2,-8*s=-2*r,r + 2 = 8*s,0.7023563048407769,,3*r - 16*s + 2,['Sign error 7: Be aware when adding -8*s'],"(""move term '-r'"", ""move term '-8*s'"", ""move term '-1*2'"")",[],"(-r, -8*s, -1*2)",,100,"{Eq(-r + 8*s, 2), Eq(r - 8*s + 8*s, -r + r + 8*s - 2), Eq(2 - 8*s, -r), Eq(r, 8*s - 2), Eq(0, -r + 8*s - 2), Eq(-8*s/(-8), (-r - 1*2)/(-8)), Eq(r + 2, -r - (-1)*r - (-1)*8*s - 1*2 - (-2)), Eq(-r - 2, -8*s), Eq(-2, r - 8*s), Eq(-8*s - (-1)*2, -r - 2 - (-1)*2), Eq(r - 8*s + 8*s, 8*s - 2), Eq(-8*s - (-1)*8*s, -r - (-1)*8*s - 2), Eq(-8*s + 8*s + 2, -r + 8*s - 2 + 2), Eq(8*s, r + 2), Eq(r - 8*s, -r + r - 2), Eq(2, -r - (-1)*8*s - 2 - 1*(-2)), Eq(s, r/8 + 1/4), Eq(-8*s - (-1)*8*s, -r - (-1)*8*s - 1*2), Eq(-8*s + 8*s + 2, -r + 8*s), Eq(2 - 8*s, -r - 2 - (-1)*2), Eq(r + 2, 8*s), Eq(r + 2, -r - (-1)*r - (-1)*8*s - 2 - (-1)*2), Eq(s, 0.12*r + 0.25), Eq(s, r/8 + 1/4), Eq(2, -r - (-1)*8*s - 2 - (-2)), Eq(1*r - 8*s - (-1)*8*s - 1*(-2), -r - (-1)*r - (-1)*8*s - 1*2 - 1*(-2)), Eq(r - 8*s, -2), Eq(r - 8*s, -2), Eq(-8*s - (-1)*8*s - 1*(-2), -r + 8*s), Eq(-(-1)*r - 8*s - (-1)*8*s - (-1)*2, 8*s), Eq(-(-1)*r - 8*s - (-1)*8*s - (-1)*2, -r - (-1)*r - (-1)*8*s - 2 - (-1)*2), Eq(r, -r + r + 8*s - 2), Eq(2, -r - (-1)*8*s - 1*2 - (-1)*2), Eq(-8*s - 1*(-2), -r), Eq(r + 2, -r - (-1)*r - (-1)*8*s - 1*2 - 1*(-2)), Eq(-(-1)*r - 8*s - (-1)*8*s, 8*s - 2), Eq(2, -r + 8*s), Eq(s, (-r - 2)/(-8)), Eq(-(-1)*r - 8*s - (-1)*8*s - 1*(-2), 8*s), Eq(r - 8*s + 8*s + 2, -r + r + 8*s - 2 + 2), Eq(r - 8*s + 8*s, -r + r + 8*s - 2), Eq(1*r - 8*s - (-1)*8*s, -r - (-1)*r - (-1)*8*s - 1*2), Eq(r - 8*s, -r - (-1)*r - 2), Eq(-8*s + 8*s + 2, -r + 8*s - 2 + 2), Eq(r - 8*s + 8*s + 2, 8*s), Eq(r - 8*s + 8*s, 8*s - 2), Eq(1*r - 8*s - (-1)*8*s - (-1)*2, -r - (-1)*r - (-1)*8*s - 2 - (-1)*2), Eq(2 - 8*s, -r - 2 + 2), Eq(-8*s, -r - 2), Eq(8*s - 2, r), Eq(0, -r - (-1)*8*s - 2), Eq(-(-1)*r - 8*s - (-1)*8*s - (-2), -r - (-1)*r - (-1)*8*s - 1*2 - (-2)), Eq(r, -r - (-1)*r - (-1)*8*s - 2), Eq(-(-1)*r - 8*s - (-1)*8*s - 1*(-2), -r - (-1)*r - (-1)*8*s - 1*2 - 1*(-2)), Eq(-8*s - (-1)*8*s - (-1)*2, -r - (-1)*8*s - 1*2 - (-1)*2), Eq(r + 2, -r - (-1)*r - (-1)*8*s - 2 - (-1)*2), Eq(1*r - 8*s - (-1)*8*s - 1*(-2), 8*s), Eq(-8*s - (-1)*8*s - (-1)*2, -r + 8*s), Eq(r, -r + r + 8*s - 2), Eq(-8*s + 8*s, -r + 8*s - 2), Eq(-8*s - (-1)*8*s - (-2), -r - (-1)*8*s - 2 - (-2)), Eq(2 - 8*s, -r - 1*2 - 1*(-2)), Eq(r, -r - (-1)*r - (-1)*8*s - 1*2), Eq(-8*s/(-8), r/8 + 1/4), Eq(-r, 2 - 8*s), Eq(1*r - 8*s - (-1)*8*s, -r - (-1)*r - (-1)*8*s - 2), Eq(-8*s, -r - 1*2), Eq(r - 8*s, -r - (-1)*r - 1*2), Eq(0, -r - (-1)*8*s - 1*2), Eq(2 - 8*s, -r - 2 + 2), Eq(-(-1)*r - 8*s, -2), Eq(r, -r - (-1)*r - (-1)*8*s - 1*2), Eq(-8*s - (-1)*8*s, -r + 8*s - 2), Eq(r + 2, -r + r + 8*s - 2 + 2), Eq(-s, -0.12*r - 0.25), Eq(2 - 8*s, -r), Eq(-8*s - (-1)*2, -r), Eq(r + 2, -r + r + 8*s - 2 + 2), Eq(-8*s/(-8), r/8 + 1/4), Eq(s, (-r - 1*2)/(-8)), Eq(-(-1)*r - 8*s - (-1)*8*s - (-2), 8*s), Eq(-8*s - (-1)*8*s - (-2), -r + 8*s), Eq(-8*s + 8*s, -r + 8*s - 2), Eq(r - 8*s + 8*s + 2, 8*s), Eq(2, -r + 8*s - 2 + 2), Eq(-(-1)*r - 8*s, -r - (-1)*r - 2), Eq(-8*s + 8*s + 2, -r + 8*s), Eq(-8*s/(-8), (-r - 2)/(-8)), Eq(1*r - 8*s - (-1)*8*s, 8*s - 2), Eq(-8*s - (-1)*8*s - 1*(-2), -r - (-1)*8*s - 2 - 1*(-2)), Eq(1*r - 8*s - (-1)*8*s - (-1)*2, 8*s), Eq(r - 8*s + 8*s + 2, -r + r + 8*s - 2 + 2), Eq(2, -r + 8*s - 2 + 2), Eq(r - 8*s, -r + r - 2), Eq(-8*s - 1*(-2), -r - 1*2 - 1*(-2)), Eq(0, -r + 8*s - 2), Eq(-(-1)*r - 8*s - (-1)*8*s, -r - (-1)*r - (-1)*8*s - 1*2), Eq(-(-1)*r - 8*s, -r - (-1)*r - 1*2), Eq(0, r - 8*s + 2), Eq(r + 2, -r - (-1)*r - (-1)*8*s - 1*2 - 1*(-2))}"
56,n + 2=4*n - o,3*n=-o - 2,-n + n + o + 2 = 3*n,0.8879768961848304,,6*n,['Sign error 10: Be aware of 3*n sign'],"(""move term '-o'"", ""move term 'n'"", 'convert_to_decimals ')",[],"(-o, n)",,165,"{Eq(-n + n + o - 2 + 2, -n + 4*n - o + o - 2), Eq(4*n, n + o + 2), Eq(-n + n - 2 + 2, 3*n - o - 2), Eq(-4*n, -4*n - n + 4*n - o - 2), Eq(0, -n + 4*n - o - 2), Eq(-n, -4*n + o + 2), Eq(-4*n - n + n - (-1)*o - 2 + 2, -4*n - n + 4*n - o - (-1)*o - 2), Eq(o, -n + 4*n - o - (-1)*o - 1*2), Eq(0, -n + 4*n - o - 2), Eq(-4*n + n + 2, -4*n + 4*n - o), Eq(o, -n + 4*n - o - (-1)*o - 2), Eq(n + 2, 4*n - o), Eq(n, 4*n - o - 2), Eq(n, o/3 + 2/3), Eq(2 - 4*n, -4*n - n + 4*n - o), Eq(-4*n + o, -4*n - n + 4*n - o - (-1)*o - 2), Eq(-n + n - (-1)*o - 2 + 2, -n + 4*n - o - (-1)*o - 2), Eq(n - (-1)*o - 1*2 + 2, 4*n - 2), Eq(-4*n - n + n - 2 + 2, -n - o - 2), Eq(-4*n/(-4), (-n - o - 1*2)/(-4)), Eq(-4*n + n + 2, -4*n + 4*n - o), Eq(n, 4*n - o - 2), Eq(-3*n/(-3), (-4*n + 4*n - o - 2)/(-3)), Eq(o + 2, -n + 4*n - o - (-1)*o), Eq(-4*n - n + n - 2 + 2, -4*n - n + 4*n - o - 2), Eq(-n, -0.33*o - 0.67), Eq(n - (-1)*o + 2, 4*n), Eq(-4*n - n + n - 1*2 + 2, -n - o - 2), Eq(-4*n - n + n - 1*2 + 2, -4*n - n + 4*n - o - 1*2), Eq(2 - 3*n, -o), Eq(n + o + 2, 4*n - o + o), Eq(n + o + 2, 4*n), Eq(-4*n/(-4), -n + n/4 + n + o/4 + 1/2), Eq(n, (-n - o - 1*2)/(-4)), Eq(-4*n - n + n - 2 + 2, -4*n - n + 4*n - o - 2), Eq(-4*n, -4*n - n + 4*n - o - 2), Eq(n - (-1)*o + 2, 4*n - o - (-1)*o), Eq(-4*n + o, -4*n - n + 4*n - o - (-1)*o - 1*2), Eq(-4*n - n + n + o - 2 + 2, -4*n - n + 4*n - o + o - 2), Eq(-4*n + n - 2 + 2, -4*n + 4*n - o - 2), Eq(-n + n + o - 2 + 2, -n + 4*n - o + o - 2), Eq(2 - 4*n, -n - o), Eq(-n + n - 1*2 + 2, 3*n - o - 2), Eq(-4*n - n + n + 2, -n - o), Eq(-4*n - n + n - (-1)*o - 1*2 + 2, -4*n - n + 4*n - o - (-1)*o - 1*2), Eq(-4*n - n + n + o - 2 + 2, -4*n - n + 4*n - o + o - 2), Eq(-4*n + o, -4*n - n + 4*n - o - (-1)*o - 1*2), Eq(n + o + 2, 4*n - o + o), Eq(-4*n - n + n - 2 + 2, -n - o - 2), Eq(n + o, 4*n - 2), Eq(o + 2, -n + 4*n - o + o), Eq(-3*n, -o - 2), Eq(-4*n - n + n - 2 + 2, -4*n - n + 4*n - o - 2), Eq(o, -n + 4*n - o + o - 2), Eq(-4*n - n + n + o - 2 + 2, -n - 2), Eq(n + o - 2 + 2, 4*n - 2), Eq(-n + n - (-1)*o - 2 + 2, 3*n - 2), Eq(n + o, 4*n - o + o - 2), Eq(-n + n - 2 + 2, -n + 4*n - o - 2), Eq(-n + n + o - 2 + 2, 3*n - 2), Eq(-n + n - 2 + 2, 3*n - o - 2), Eq(0, -n + 4*n - o - 1*2), Eq(n, (-o - 1*2)/(-3)), Eq(o, -n + 4*n - o + o - 2), Eq(n + o - 2 + 2, 4*n - o + o - 2), Eq(-4*n - n + n - 2 + 2, -n - o - 2), Eq(-4*n/(-4), -n + n/4 + n + o/4 + 1/2), Eq(4*n - o, n + 2), Eq(-4*n + o, -4*n - n + 4*n - o + o - 2), Eq(-n + n - (-1)*o - 1*2 + 2, 3*n - 2), Eq(-n + n + o - 2 + 2, 3*n - 2), Eq(n + 2, 4*n - o), Eq(-4*n, -4*n - n + 4*n - o - 2), Eq(n, -n + n/4 + n + o/4 + 1/2), Eq(o, -n + 4*n - o - (-1)*o - 2), Eq(-n + n - (-1)*o + 2, -n + 4*n - o - (-1)*o), Eq(3*n, o + 2), Eq(-4*n - n + n - (-1)*o - 2 + 2, -n - 2), Eq(n - 1*2 + 2, 4*n - o - 1*2), Eq(-n + n - (-1)*o - 2 + 2, 3*n - 2), Eq(-4*n + n - 1*2 + 2, -o - 2), Eq(2, -n + 4*n - o), Eq(-4*n + n + 2, -o), Eq(n, -n + n/4 + n + o/4 + 1/2), Eq(-4*n + o, -n - 2), Eq(-4*n - n + n - 1*2 + 2, -4*n - n + 4*n - o - 1*2), Eq(-4*n, -n - o - 2), Eq(-n + n - (-1)*o - 1*2 + 2, -n + 4*n - o - (-1)*o - 1*2), Eq(2 - 3*n, -4*n + 4*n - o), Eq(n + o + 2, 4*n), Eq(-4*n - n + n - (-1)*o - 1*2 + 2, -n - 2), Eq(-n + n + o + 2, -n + 4*n - o + o), Eq(2 - 3*n, -4*n + 4*n - o), Eq(-4*n, -4*n - n + 4*n - o - 2), Eq(-4*n - n + n + o - 2 + 2, -n - 2), Eq(n + 2, 4*n - o), Eq(3*n - 2, o), Eq(n, -4*n/3 + 4*n/3 + o/3 + 2/3), Eq(-4*n/(-4), (-4*n - n + 4*n - o - 1*2)/(-4)), Eq(-n + n - 2 + 2, -n + 4*n - o - 2), Eq(n + o + 2, 4*n - o - (-1)*o), Eq(-4*n + o, -4*n - n + 4*n - o - (-1)*o - 2), Eq(-4*n - n + n - 2 + 2, -n - o - 2), Eq(-o, 2 - 3*n), Eq(2, 3*n - o), Eq(-n - 2, -4*n + o), Eq(-n + n + o - 2 + 2, -n + 4*n - o + o - 2), Eq(-4*n, -4*n - n + 4*n - o - 1*2), Eq(n, (-4*n - n + 4*n - o - 1*2)/(-4)), Eq(-n + n + 2, -n + 4*n - o), Eq(-4*n - n + n - 2 + 2, -n - o - 2), Eq(n - 2 + 2, 4*n - o - 2), Eq(-4*n - n + n - 2 + 2, -4*n - n + 4*n - o - 2), Eq(-4*n + n + 2, -o), Eq(o, 3*n - 2), Eq(n - (-1)*o - 1*2 + 2, 4*n - o - (-1)*o - 1*2), Eq(n - 2 + 2, 4*n - o - 2), Eq(-n + n - 2 + 2, -n + 4*n - o - 2), Eq(o + 2, 3*n), Eq(-n + n + o + 2, 3*n), Eq(-3*n/(-3), o/3 + 2/3), Eq(-3*n/(-3), (-o - 1*2)/(-3)), Eq(0, 3*n - o - 2), Eq(-3*n, -4*n + 4*n - o - 1*2), Eq(-4*n - n + n - (-1)*o - 1*2 + 2, -4*n - n + 4*n - o - (-1)*o - 1*2), Eq(o, -n + 4*n - o + o - 2), Eq(-4*n + n - 2 + 2, -o - 2), Eq(-n + n - (-1)*o + 2, 3*n), Eq(-n + n + 2, 3*n - o), Eq(-3*n, -4*n + 4*n - o - 2), Eq(n, (-4*n + 4*n - o - 2)/(-3)), Eq(n, 4*n - o - 1*2), Eq(n - 1*2 + 2, 4*n - o - 2), Eq(-o - 2, -3*n), Eq(-4*n, -4*n - n + 4*n - o - 2), Eq(-4*n/(-4), (-4*n - n + 4*n - o - 2)/(-4)), Eq(o, -n + 4*n - o - (-1)*o - 1*2), Eq(-4*n - n + n - (-1)*o - 2 + 2, -n - 2), Eq(n + o, 4*n - o - (-1)*o - 1*2), Eq(-n + n - 2 + 2, 3*n - o - 2), Eq(-4*n - n + n + 2, -4*n - n + 4*n - o), Eq(-4*n/(-4), -n + n/4 + n + o/4 + 1/2), Eq(-n + n - (-1)*o - 1*2 + 2, -n + 4*n - o - (-1)*o - 1*2), Eq(-4*n, -4*n - n + 4*n - o - 1*2), Eq(-4*n - n + n - 1*2 + 2, -n - o - 2), Eq(-n + n - (-1)*o - 2 + 2, -n + 4*n - o - (-1)*o - 2), Eq(-n + n - 1*2 + 2, -n + 4*n - o - 1*2), Eq(-n - o, 2 - 4*n), Eq(n, (-4*n - n + 4*n - o - 2)/(-4)), Eq(-4*n - n + n - 2 + 2, -4*n - n + 4*n - o - 2), Eq(n, -n + n/4 + n + o/4 + 1/2), Eq(-4*n/(-4), n/4 + o/4 + 1/2), Eq(-n - o - 2, -4*n), Eq(n, 0.33*o + 0.67), Eq(-4*n - n + n - (-1)*o - 2 + 2, -4*n - n + 4*n - o - (-1)*o - 2), Eq(0, -3*n + o + 2), Eq(-n + n + o - 2 + 2, 3*n - 2), Eq(-4*n + n - 1*2 + 2, -4*n + 4*n - o - 1*2), Eq(-3*n/(-3), -4*n/3 + 4*n/3 + o/3 + 2/3), Eq(-4*n + o, -4*n - n + 4*n - o + o - 2), Eq(n, n/4 + o/4 + 1/2), Eq(n + 2, 4*n - o), Eq(0, -n + 4*n - o - 2), Eq(-n + n - (-1)*o - 1*2 + 2, 3*n - 2), Eq(-4*n - n + n - (-1)*o - 1*2 + 2, -n - 2)}"
59,h=2,L=2,-h + h - 2 = -h - 2 + 2,0.5123541515627164,"{""variable mismatch [['h'], ['L']]""}",L - h,"['Missing variable: where did h disappear?', ""Typo: A variable mismatch [['h'], ['L']] of the cofficient 1.""]","(""move term 'h'"", ""move term '2'"")",['variable: h'],"(h, 2)",,25,"{Eq(-h + h, 2 - h), Eq(h - 1*2, 2 - 1*2), Eq(h - 2, 2 - 1*2), Eq(0, 2 - h), Eq(-h + h - 2, -h - 2 + 2), Eq(-h + h - 2, -h - 2 + 2), Eq(2, h), Eq(h - 2, -2 + 2), Eq(h - 2, -2 + 2), Eq(-2, -h - 2 + 2), Eq(h - 1*2, 0), Eq(h - 2, 0), Eq(-h + h - 2, -h), Eq(h - 2, 0), Eq(-h + h - 1*2, -h - 1*2 + 2), Eq(-2, -h - 1*2 + 2), Eq(-h + h - 2, -h - 2 + 2), Eq(-2, -h - 2 + 2), Eq(-2, -h - 2 + 2), Eq(2 - h, 0), Eq(-h + h - 2, -h), Eq(-h + h - 2, -h), Eq(-h + h - 1*2, -h), Eq(-2, -h), Eq(h, 2)}"
